사업코드,PM부서,사업명,재원조달방식,국내외구분,당년_수금계획,당년_공정계획,당년예상외주비,잔여외주비,예상수금율,지급예상외주비,외주율
A20140156,구조부,미얀마 Wataya교량 F/S  ,민간,해외,0,0,,,1.0,,0.4
B20080002,구조부,(신기술)H형강에 고강도 강판을 용접부착한 가설교량용 프리스트레스 거더 제작 기술,민간,국내,0,0,,,0.0,,0.4
B20080003,구조부,(신기술)트윈젯노즐을 이용한 고압급결분사식 지반개량공법,민간,국내,0,0,,,0.0,,0.4
B20080004,구조부,(신기술)다철근 보강재와 스프링 신축장치를 이용한 쏘일네일링 공법,민간,국내,0,0,,,0.0,,0.4
B20080005,구조부,(신기술)분리형 상부플레이트를 갖는 스페리칼 교량받침 설치 및 교체공법,민간,국내,0,0,,,0.0,,0.4
B20080006,구조부,(신기술)나사풀림방지 상세를 갖는 신축이음장치 신공법,민간,국내,0,0,,,0.0,,0.4
B20080007,구조부,(신기술)후타콘크리트의 일부를 해체하여 교량의 레일형 신축이음장치를 핑거형으로 교체하는 공법,민간,국내,0,0,,,0.0,,0.4
B20080008,구조부,(신기술)교량상부 구조물 지지용 수평 접이식 가설벤트 공법,민간,국내,0,0,,,0.0,,0.4
B20080009,구조부,(신기술)수화반응물을 이용 사면녹화재 조성물 및 그제조방법,민간,국내,0,0,,,0.0,,0.4
B20080010,구조부,(신기술)EF지수 암거 설치공법,민간,국내,0,0,,,0.0,,0.4
B20080011,구조부,(신기술)연결기 및 연결구조체,민간,국내,0,0,,,0.0,,0.4
B20080029,구조부,(신기술)하면에 모래층을 가진 교량용 방수시트 및 그 설치공법,민간,국내,0,0,,,0.0,,0.4
B20080030,구조부,(신기술)말뚝두부머리보강,민간,국내,0,0,,,0.0,,0.4
B20080031,구조부,(신기술)리바콘(상온재생아스콘)포장기술,민간,국내,0,0,,,0.0,,0.4
B20080032,구조부,(신기술)낙석방지책,민간,국내,0,0,,,0.0,,0.4
B20080033,구조부,여수 마린리조트,민간,국내,0,0,,,0.0,,0.4
B20080035,구조부,행정중심복합도시 대중교통중심도로 2단계 특수구조물 조사설계용역,민간,국내,0,0,,,,,0.25
B20080036,구조부,태안-보령연육교(2공구),민간,국내,0,0,,,,,0.4
B20080088,구조부,익스트림 테마파크,민간,국내,0,0,,,,,0.4
B20080119,구조부,마산 로봇랜드,민간,국내,0,0,,,0.0,,0.4
B20080132,구조부,광명역세권 보행통로 등 토목구조물 실시설계용역,민간,국내,0,0,,,0.0,,0.4
B20080168,구조부,올림픽대로(반포~청담대교간)구조개선 기본설계용역,민간,국내,0,0,,,0.0,,0.4
B20090011,구조부,인천도시철도 2호선 209공구 건설공사 TK,민간,국내,0,0,0.0,1288910.0,0.0,0.0,0.4
B20090050,구조부,마곡워터프론트내 양천길 교량 국제현상공모,민간,국내,0,0,,,0.0,,0.4
B20090065,구조부,화성 동탄(2) 1단계 특수구조물 조사설계용역,민간,국내,0,0,,,0.0,,0.4
B20100029,구조부,인도 고속도로터널 상세설계(Rohtang pass near Mnali in Himachal Praolesh),민간,해외,0,0,,,0.0,,0.4
B20100071,구조부,동탄(2) 경부고속도로 직선화공사 조사설계용역,민간,국내,0,0,,,0.0,,0.4
B20100076,구조부,볼리비아 마드레 데 디오스 강 횡단교량 건설사업,민간,해외,0,0,,,0.0,,0.4
B20100077,구조부,베트남 밤콩교량 건설사업,민간,해외,0,0,,,0.0,,0.4
B20100084,구조부,KCTC 전술도로 실시설계용역,민간,국내,0,0,,,0.0,,0.4
B20100087,구조부,시화2단계(송산그린시티)개발사업 지하차도 기본 및 실시설계용역,민간,국내,0,0,,,0.0,,0.4
B20110006,구조부,인천남항 제3준설토투기장 연결교량 기본 및 실시설계,민간,국내,0,0,,,0.0,,0.4
B20110012,구조부,분당수서로 지하차도 설치공사(매송-벌말)T/K,민간,국내,0,0,,,0.0,,0.4
B20110018,구조부,섬연결 등 지방도사업 기본계획수립용역,민간,국내,0,0,,,0.0,,0.4
B20110034,구조부,전력산업 기술기준(KEPIC) 설계자 인증취득,민간,국내,0,0,,,0.0,,0.4
B20110040,구조부,볼리비아 마모레 교량 및 연결도로 건설사업 F/S,민간,해외,0,0,,,0.0,,0.4
B20110059,구조부,고성-통영등 4건공사설계감리 및 설계VE용역,민간,국내,0,0,,,0.0,,0.4
B20110068,구조부,베트남 흥하교량 건설사업 F/S(타당성조사) 용역,민간,해외,0,0,,,0.0,,0.4
B20120048,구조부,베트남 밤콩교량 건설사업 제3자 상세설계 검증,민간,해외,0,0,,,0.0,,0.4
B20120068,구조부,서곡천 보축설계용역,민간,국내,0,0,,,0.0,,0.25
B20130001,구조부,방글라데시 레브칼리  교량 기술제안서,민간,해외,0,0,,,0.0,,0.4
B20130020,구조부,이라크 AI-Graia‘at Bridge & Approaches 제안서 작성,민간,해외,0,0,,,0.0,,0.4
B20130036,구조부,볼리비아 바네가스교량 설계시공일괄공사,민간,해외,0,0,,,0.0,,0.4
B20130086,구조부,한강상 교량 연결램프 구조개선(강북지역)기본설계,민간,국내,0,0,,,0.0,,0.4
B20130087,구조부,한강상 교량 연결램프 구조개선(강남지역)기본 및 실시설계,민간,국내,0,0,,,0.0,,0.4
B20130090,구조부,몽골 MCA-Mongolia 도로 프로젝트의 도로유지보수 기술자 교육용역,민간,해외,0,0,,,0.0,,0.4
B20130098,구조부,한국-미얀마 우정의 다리 건설사업 F/S용역,민간,해외,0,0,,,0.0,,0.4
B20130104,구조부,몽골 샨사인드 산업단지 내 주거단지 설계용역 EOI,민간,해외,0,0,,,0.0,,0.4
B20130106,구조부,몽골 샨사인드 산업단지 내 주거단지 설계용역 ,민간,해외,0,0,,,0.0,,0.4
B20130107,구조부,도로시설물(지중구조물)내진성능평가 용역,민간,국내,0,0,,,0.0,,0.4
B20130157,구조부,성산대교 성능개선사업 기본 및 실시설계 용역,민간,국내,0,0,,,0.0,,0.4
B20130183,구조부,탄자니라 철도교량 설계 및 감리용역,민간,해외,0,0,,,0.0,,0.4
B20130207,구조부,미국 캘리포니아 고속철도건설사업 용역,민간,해외,0,0,0.0,1192423.26,0.0,0.0,0.4
B20140045,구조부,하남선(상일~검단산)복선전철 건설공사 T/K (제2공구),민간,국내,0,0,,,0.0,,0.4
B20140071,구조부,호남선 전주~삼례간 4개교 전면개량공사 실시설계용역,민간,국내,0,0,,,0.0,,0.25
B20140103,구조부,"신한울 3,4호기 수중취배수구조물 축조공사 설계용역",민간,국내,0,0,,,0.0,,0.4
B20140136,구조부,KOTRA CSR사업 미얀마 기술학교,민간,국내,0,0,,,0.0,,0.25
B20140177,구조부,전력산업 기술기준(KEPIC) 설계자 인증취득 갱신,민간,국내,0,0,,,0.0,,0.4
B20150115,구조부,베트남 노후교량 개보수사업 타당성조사(F/S)사업,민간,해외,0,0,,,0.0,,0.4
B20150133,구조부,2015년도 교량 내진보강 설계용역(3구간),민간,국내,0,0,,,0.0,,0.25
B20150134,구조부,2015년도 교량 내진보강 설계용역(1구간),민간,국내,0,0,,,0.0,,0.25
B20150135,구조부,2015년도 교량 내진보강 설계용역(2구간),민간,국내,0,0,,,0.0,,0.25
B20150159,구조부,부산항(북항) 재개발사업 지구 내 연결교량 기본 및 실시설계용역,민간,국내,0,0,,,0.0,,0.25
B20150160,구조부,삼성역 일대 통합역사 및 지하공간개발 기본구상 용역,민간,국내,0,0,,,0.0,,0.4
B20150216,구조부,하노이시 Metro 3호선 역세권 도시교통,민간,해외,0,0,,,0.0,,0.4
B20160002,구조부,영종~청라 연결도로(제3연륙교) 최적건설방안 마련 및 기본설계용역,민간,국내,0,0,,,0.0,,0.4
B20160030,구조부,미얀마 Ayeyarwaddy 교량 (AungLan - ThaYet) 타당성 조사,민간,해외,0,0,,,0.0,,0.4
B20160048,구조부,탄자니아 셀린더 교량 건설사업 설계 및 감리,민간,국내,0,0,,,0.0,,0.4
B20160229,구조부,미얀마 노후교량 보수보강 F/S,민간,해외,0,0,,,0.0,,0.4
B20170127,구조부,베트남 My Thuan 2 교량 건설사업 타당성 조사,민간,해외,0,0,,,0.0,,0.4
B20170155,구조부,강남권 광역복합환승센터 국제지명초청 설계공모,민간,국내,0,0,,,0.0,,0.4
B20170156,구조부,고속국도 제14호선 함양~창녕간 건설공사 제9공구 실시설계 기술제안입찰,민간,국내,0,0,,,0.0,,0.4
B20180031,구조부,신림 공영차고지(저류조포함)건설공사 기본 및 실시설계 용역,민간,국내,0,0,,,0.0,,0.4
B20180094,구조부,고속국도 제14호선 함양~창녕간 건설공사(11공구) 실시설계 기술제안입찰 반영설계,민간,국내,0,0,,,0.0,,0.4
B20180151,구조부,미얀마 외곽순환도로 교량 마스터 플랜,민간,해외,0,0,,,0.0,,0.4
B20180225,구조부,송산그린시티 개발사업 동측지구 연결도로(보도교) 건설공사 설계공모,민간,국내,0,0,,,0.0,,0.25
B20180226,구조부,시화MTV 중1-117호선(서해안 우회도로) 실시설계 기술제안입찰,민간,국내,0,0,,,0.0,,0.4
B20180261,구조부,평택·당진항 진입도로(신평~내항) 건설공사 기본설계용역,민간,국내,0,0,,,0.0,,0.4
B20180289,구조부,North-South Corridor(Kvesheti-Kobi) Road Project 도로시공감리사업,민간,해외,0,0,,,0.0,,0.4
B20180320,구조부,시화MTV 중1-117호선(서해안 우회도로)건설공사 실시설계 기술제안입찰,민간,국내,0,0,,,0.0,,0.4
B20190064,구조부,네팔 KTFT 고속도로 감리 제안서 작성,민간,해외,0,0,,,0.0,,0.4
B20190092,구조부,인천도시철도 1호선 검단연장선 1공구 건설공사 TK,민간,국내,0,0,,,0.0,,0.4
B20190099,구조부,미얀마 양곤 외곽순환도로 남측구간(Dala 지역) 타당성 조사,민간,해외,0,0,,,0.0,,0.4
B20190184,구조부,방글라데시 카르나폴리 교량 건설사업 F/S(타당성조사) 용역,민간,국내,0,0,,,0.0,,0.4
B20190187,구조부,Operation for Supporting Rural Bridges (SupRB),민간,해외,0,0,,,0.0,,0.4
B20190188,구조부,베트남 Rehabilitation and Improvement of Bridges on National Highways Project (Phase 1) 실시설계 및 건설사업관리용역,민간,해외,0,0,,,0.0,,0.4
B20190192,구조부,부산 에코델타시티 하천교량(보도교) 건설공사 설계공모,민간,국내,0,0,,,0.0,,0.25
B20190313,구조부,필리핀 Samal Island ~ Davao Connector Project 제안서 작성 ,민간,해외,0,0,,,0.0,,0.4
B20200062,구조부,미얀마 와따야교량 건설사업 F/S,민간,해외,0,0,,,0.0,,0.4
B20200173,구조부,타지키스탄 장대교량 타당성조사 및 기본설계_,민간,해외,0,0,,,0.0,,0.4
B20210355,구조부,온천5호교 재가설(확장)공사 감독권한대행 등 건설사업관리용역,민간,국내,0,0,,,0.0,,0.4
B20210357,구조부,베트남 떤반~년짝도로 건설사업 시공감리,민간,해외,0,0,0.0,30550.0,0.0,0.0,0.4
B20220212,구조부,베트남 노후교량2 설계 및 감리 용역,민간,해외,0,0,0.0,2009.552,0.0,0.0,0.4
B20220213,구조부,필리핀 리오안 교량건설사업 F/S(타당성조사) 용역,민간,해외,0,0,,,0.0,,0.4
B20220218,구조부,에티오피아 아디스아바바 BRT 설계 및 감리용역,민간,해외,0,0,0.0,3217.9,0.0,0.0,0.4
B20220266,구조부,타지키스탄 장대교량 타당성조사 및 실시설계용역,민간,해외,0,0,,,0.0,,0.4
B20220305,구조부,서소문고가 개축(성능개선) 실시설계용역,민간,국내,0,0,0.0,8260.5,0.0,0.0,0.4
B20220308,구조부,계양~강화간 고속도로 건설공사 기본 및 실시설계(제7공구) 설계공모서 작성,민간,국내,0,0,0.0,140858.37,0.0,0.0,0.25
B20220334,구조부,필리핀 마신 해안 우회 교량 건설사업 F/S(타당성조사) 용역,민간,해외,0,0,0.0,27650.0,0.0,0.0,0.4
B20220381,구조부,캄보디아 프놈펜 신공항 접속도로 입체교차로 건설공사,민간,해외,0,0,0.0,36750.0,0.0,0.0,0.4
B20220409,구조부,하남교산 공공주택지구 도시시설물 실시설계용역,민간,국내,0,0,0.0,30609.0,0.0,0.0,0.25
B20230166,구조부,2023년 교량 내진성능평가 및 내진보강 설계용역(2구간),민간,국내,0,0,0.0,6850.0,0.0,0.0,0.25
B20230167,구조부,주문연도교 건설공사 기본 및 실시설계용역,민간,국내,0,0,0.0,6850.0,0.0,0.0,0.4
B20230208,구조부,캄보디아 글로벌 ESG+ 사업(기술학교),민간,해외,0,0,0.0,9930.0,0.0,0.0,0.4
B20230270,구조부,사상 리버프런트시티(브릿지) 조성사업 기본 및 실시설계용역,민간,국내,0,0,0.0,5100.0,0.0,0.0,0.4
B20240398,구조부,Integrated Management Consulting Services for Development Projects(몽골 건설프로젝트 통합경영 컨설팅 서비스),민간,해외,0,0,0.0,36600.0,0.0,0.0,0.4
B20240399,구조부,사마르 해안도로 2차 사업 설계 및 입찰지원 감리,민간,해외,0,0,0.0,110950.0,0.0,0.0,0.4
B20240400,구조부,필리핀 바탄-까비테 PMC 사업,민간,해외,0,0,0.0,47980.0,0.0,0.0,0.4
B20250069,구조부,필리핀 메트로 마닐라 교량 감리 사업 (MMBP),민간,해외,0,0,0.0,139990.0,0.0,0.0,0.4
B20250070,구조부,필리핀 라구나 레이크쇼어 도로망 감리 사업 (LLRN),민간,해외,0,0,0.0,29995.0,0.0,0.0,0.4
B20250109,구조부,계양~강화 고속도로 건설공사(제7공구) T/K 실시설계,민간,국내,0,0,,,0.0,,0.4
C19870013,구조부,"광주직할시 금남 지하도 (상가, 주차장 겸용) 시설사업 용역",민간,국내,0,0,,,,,0.4
C19870015,구조부,1 냉연 PL/TCM 증강 1차공사 토목설계,민간,국내,0,0,,,,,0.4
C19870016,구조부,광양2기 연주 5차공사 토건설계용역,민간,국내,0,0,,,,,0.4
C19870021,구조부,대구 염색공단 열병합 발전설비 옥외 배관 기초 추가 설계용역,민간,국내,0,0,,,,,0.4
C19870023,구조부,STAINLESS A.P.L 2차공사 토목설계,민간,국내,0,0,,,,,0.4
C19870024,구조부,광양2기 배수종말 1차공사 토건설계,민간,국내,0,0,,,,,0.4
C19870026,구조부,광양냉연 2차공사 토목설계,민간,국내,0,0,,,,,0.4
C19870027,구조부,광양냉연 3차공사 토목설계,민간,국내,0,0,,,,,0.4
C19870028,구조부,광양냉연 5차공사 토목설계,민간,국내,0,0,,,,,0.4
C19870029,구조부,STAINLESS A.P.L 3차공사 토목설계,민간,국내,0,0,,,,,0.4
C19870030,구조부,1 냉연 PL/TCM 증강 2차공사 토목설계,민간,국내,0,0,,,,,0.4
C19870041,구조부,삼경빌딩 신축굴토 설계,민간,국내,0,0,,,,,0.4
C19870044,구조부,광양냉연 10차공사 기초설계,민간,국내,0,0,,,,,0.4
C19870045,구조부,동국대학교 의과대학 및 부속병원 건립부지 토목 실시설계,민간,국내,0,0,,,,,0.4
C19870050,구조부,2후판 가속 냉각설비 1차공사 토목설계,민간,국내,0,0,,,,,0.4
C19870054,구조부,천변우로 (남광교) 철도 횡단도로 확장공사 설계용역,민간,국내,0,0,,,,,0.4
C19870060,구조부,STAINLESS A.P.L 4차 공사 토목설계,민간,국내,0,0,,,,,0.4
C19880004,구조부,동부제강㈜ 제2차 합리화 No.2 C.G.L & C.P.L 기계기초 실시설계,민간,국내,0,0,,,,,0.4
C19880010,구조부,천변좌로 확장 및 도시 고가도로 외 2개공사 용역설계,민간,국내,0,0,,,,,0.4
C19880012,구조부,광양학교 종합 운동장 건립공사 토목설계,민간,국내,0,0,,,,,0.4
C19880013,구조부,백운산 수련장 2단계 공사 토목설계,민간,국내,0,0,,,,,0.4
C19880016,구조부,2후판 가속 냉각설비 2차공사 토목설계,민간,국내,0,0,,,,,0.4
C19880028,구조부,2열연 신예화 2차공사 기초설계,민간,국내,0,0,,,,,0.4
C19880029,구조부,"한국은행 포항지점 행사 기초, 토목설계 도서의 적정성 검토",민간,국내,0,0,,,,,0.4
C19880032,구조부,동부제강㈜ 설비 3차 토목공사 설계용역,민간,국내,0,0,,,,,0.4
C19880037,구조부,광양 3기 열연 3차공사 토목설계용역,민간,국내,0,0,,,,,0.4
C19880038,구조부,평택 전화국 인입 통신구 설계용역,민간,국내,0,0,,,,,0.25
C19880040,구조부,광양 3기 열연 5차공사 토목설계,민간,국내,0,0,,,,,0.4
C19880045,구조부,도금강판 CGL 3차공사 기초설계,민간,국내,0,0,,,,,0.4
C19880046,구조부,광양3기 원료처리 3차공사 기초설계,민간,국내,0,0,,,,,0.4
C19880051,구조부,광양 3기 열연 7차공사 토목설계,민간,국내,0,0,,,,,0.4
C19880052,구조부,광양 3기 열연 10차공사 토목설계,민간,국내,0,0,,,,,0.4
C19890019,구조부,89 군도 확포장 사업 설계용역,민간,국내,0,0,,,,,0.4
C19890051,구조부,광양2냉연 F/H  YARD 확장공사 기초설계,민간,국내,0,0,,,,,0.4
C19890052,구조부,수소 생산설비 설치공사 기초설계 용역,민간,국내,0,0,,,,,0.4
C19890053,구조부,주안 오피스텔 신축 굴착공사 설계용역,민간,국내,0,0,,,,,0.4
C19890054,구조부,광양 PGL 3차공사 기초설계,민간,국내,0,0,,,,,0.4
C19890062,구조부,마포장 연립주택 신축공사 주위 석축 안전검토용역,민간,국내,0,0,,,,,0.4
C19890068,구조부,삼일 프라자 빌딩 신축 공사에 대한 지하 굴착 공사의 설계,민간,국내,0,0,,,,,0.4
C19890080,구조부,LD STAG 배제장 C YARD 철도 개조공사 기초설계,민간,국내,0,0,,,,,0.4
C19890081,구조부,광양 PGL 5차공사 기초설계,민간,국내,0,0,,,,,0.4
C19890082,구조부,광양 4냉연 CGL 2차공사 기초설계,민간,국내,0,0,,,,,0.4
C19890087,구조부,한국화약 NH3 저장설비의 토목및 부대 건축물 설계외주 용역,민간,국내,0,0,,,,,0.4
C19890097,구조부,향군 서울회관에 대한 지하 굴착공사의  설계 및 감리,민간,국내,0,0,,,,,0.4
C19890104,구조부,4냉연 CGL 3차공사 기초설계,민간,국내,0,0,,,,,0.4
C19900009,구조부,안산 OO백화점 신축 공사에 대한 지하 굴착공사의 설계,민간,국내,0,0,,,,,0.4
C19900010,구조부,당산동 예식장 신축 공사에 대한 지하 굴착공사의 설계,민간,국내,0,0,,,,,0.4
C19900012,구조부,문창빌딩 신축 공사에 대한 지하 굴착공사의 설계,민간,국내,0,0,,,,,0.4
C19900037,구조부,문창빌딩 신축 공사에 대한 지하 굴착공사의 감리,민간,국내,0,0,,,,,0.4
C19900040,구조부,광양4기 열연 2차공사 설계,민간,국내,0,0,,,,,0.4
C19900054,구조부,방사 광가속기 단지 부지조성 3차공사 설계,민간,국내,0,0,,,0.0,,0.4
C19900055,구조부,대학 실험동 부지조성 공사 설계,민간,국내,0,0,,,,,0.4
C19900056,구조부,광양4기 GAS 1차공사 설계,민간,국내,0,0,,,,,0.4
C19900057,구조부,광양4기 열연 4차공사 기초설계,민간,국내,0,0,,,,,0.4
C19900062,구조부,청주방적사옥 신축공사에 대한 지하굴착공사의 감리,민간,국내,0,0,,,,,0.25
C19900065,구조부,4냉연 CGL 7차공사 토목설계,민간,국내,0,0,,,,,0.4
C19900068,구조부,5냉연 2차공사 토목설계,민간,국내,0,0,,,,,0.4
C19900069,구조부,광양4기 열연 5차공사 토목설계,민간,국내,0,0,,,,,0.4
C19900082,구조부,라이프 백화점 지하 기초 부력앵카 설계용역,민간,국내,0,0,,,,,0.4
C19900112,구조부,"감전, 죽리교 실시설계 용역",민간,국내,0,0,,,,,0.4
C19900117,구조부,2제강 300TON TEEMING LADLE 수리장 개조공사 설계용역(토목),민간,국내,0,0,,,,,0.4
C19900118,구조부,STRIP CASTING 공정개발 3차공사 설계 (토목),민간,국내,0,0,,,,,0.4
C19900128,구조부,청방빌딩 신축 굴토공사 설계용역,민간,국내,0,0,,,0.0,,0.4
C19900129,구조부,향군회관 증축중 SLURRY WALL 구조검토 감리및 인허가 용역,민간,국내,0,0,,,,,0.4
C19900130,구조부,삼성동 빌딩 신축 굴토공사 설계용역,민간,국내,0,0,,,,,0.4
C19910018,구조부,호리교량 가설공사 실시설계 용역,민간,국내,0,0,,,,,0.4
C19910023,구조부,기아 특수강㈜ 군산공장 제1기공사 토목설계,민간,국내,0,0,,,,,0.4
C19910024,구조부,군자산업㈜ 사옥 신축공사 설계,민간,국내,0,0,,,,,0.4
C19910047,구조부,연봉빌딩 신축 공사에 대한 지하굴착 공사의 설계,민간,국내,0,0,,,,,0.4
C19910051,구조부,포항 1열연 신예화 2차공사 토목설계,민간,국내,0,0,,,,,0.4
C19910052,구조부,광양4기 열연 14차공사 토목설계,민간,국내,0,0,,,,,0.4
C19910053,구조부,연봉빌딩 토공설계 감리의건,민간,국내,0,0,,,,,0.4
C19910077,구조부,운현빌딩 신축 굴착공사 설계 및 감리용역,민간,국내,0,0,,,,,0.4
C19910087,구조부,청계 고가도로 안전진단 및 기본설계 용역,민간,국내,0,0,,,,,0.4
C19910103,구조부,삼성동 빌딩 신축 지하 굴착공사의 설계,민간,국내,0,0,,,,,0.4
C19910112,구조부,경기은행 수원본부 신축 굴토공사 감리용역,민간,국내,0,0,,,,,0.4
C19920012,구조부,1제강 용성 예비처리 증설 1차공사 토목설계,민간,국내,0,0,,,,,0.4
C19920013,구조부,1열연 신예화 3차공사 토목설계,민간,국내,0,0,,,,,0.4
C19920015,구조부,영동 농협회관 신축 공사에 대한 지하굴착 공사의 설계,민간,국내,0,0,,,,,0.4
C19920037,구조부,충무항 잠수기 수협 잔교식 위판장 설치공사 (토목부분) 설계용역,민간,국내,0,0,,,,,0.4
C19920049,구조부,동오 냉동공장 신축 지하굴착 공사의 설계및 감리용역,민간,국내,0,0,,,,,0.4
C19920050,구조부,서울-부산간 경부고속전철 제9공구 실시설계 기타,민간,국내,0,0,,,,,0.25
C19920064,구조부,"포항 1,2고로 PCI 원료 수송설비 2차공사 토목설계",민간,국내,0,0,,,,,0.4
C19920065,구조부,NO.12 발전설비 2차공사 토목설계,민간,국내,0,0,,,,,0.4
C19920080,구조부,포항12호 발전설비 1차공사 토목설계,민간,국내,0,0,,,,,0.4
C19920082,구조부,송림 위생처리장 옆 소하천 복개공사 설계용역,민간,국내,0,0,,,,,0.4
C19920084,구조부,제천 전화국 인입 통신구 설계용역,민간,국내,0,0,,,,,0.25
C19920087,구조부,남성 간성 하수도 (배수로) 확장공사 설계용역,민간,국내,0,0,,,,,0.4
C19920094,구조부,청계 고가도로 보수공사및  실시설계 용역,민간,국내,0,0,,,,,0.4
C19920095,구조부,국도 4호선 교대리지내 지하차도 설치공사외 1건 실시설계 용역,민간,국내,0,0,,,,,0.4
C19920099,구조부,1제강 NO.1매  RH 개체 3차공사 토목설계,민간,국내,0,0,,,,,0.4
C19920105,구조부,전기연구서 교량설계,민간,국내,0,0,,,,,0.4
C19920117,구조부,서인천 I.C부근 횡단육교 설치공사 실시설계용역,민간,국내,0,0,,,,,0.4
C19930032,구조부,부산진전화국 연결통신구공사 실시설계용역,민간,국내,0,0,,,,,0.25
C19930044,구조부,제2종 어항 기본조사 및 시설계획 용역,민간,국내,0,0,,,,,0.4
C19930050,구조부,정림동 지하보차도 시설공사 실시설계 용역,민간,국내,0,0,,,,,0.4
C19930069,구조부,북포항 변전소 시설결정 변경설계 용역,민간,국내,0,0,,,,,0.25
C19930116,구조부,마산시 산호천 교량가설공사 실시설계용역,민간,국내,0,0,,,,,0.4
C19930117,구조부,진입로 교량 설계용역,민간,국내,0,0,,,,,0.4
C19930120,구조부,신대방동 업무시설 가설흙막이 벽 설계 및 공사감리용역,민간,국내,0,0,,,,,0.25
C19930121,구조부,종합복지회관 부대시설 설계용역,민간,국내,0,0,,,,,0.4
C19930122,구조부,덕선교 교량가설공사 설계,민간,국내,0,0,,,,,0.4
C19930123,구조부,노인복지회관 신축건물 기초 검토용역,민간,국내,0,0,,,,,0.4
C19930124,구조부,경화교 가설공사 실시설계용역,민간,국내,0,0,,,,,0.4
C19930125,구조부,지하철 7호선 차량기지 횡단전력구공사 실시설계용역,민간,국내,0,0,,,,,0.4
C19930126,구조부,대독교 수해복구공사,민간,국내,0,0,,,,,0.4
C19930127,구조부,면전교 수해복구공사,민간,국내,0,0,,,,,0.4
C19930128,구조부,상장교 수해복구공사,민간,국내,0,0,,,,,0.4
C19930129,구조부,영동교 수해복구공사,민간,국내,0,0,,,,,0.4
C19930130,구조부,한토1교 교량 설치공사 측량 설계용역,민간,국내,0,0,,,,,0.4
C19930131,구조부,안봉.수월교 가설공사 측량 설계용역,민간,국내,0,0,,,,,0.4
C19930132,구조부,한일타운 2차 아파트 교량가설공사 설계용역,민간,국내,0,0,,,,,0.4
C19930133,구조부,군북 선교천외 3지구 수해복구 설계용역,민간,국내,0,0,,,,,0.4
C19930134,구조부,구혜 교량외 2건 조사측량 설계용역,민간,국내,0,0,,,,,0.4
C19930135,구조부,소등교 및 악양교 개축공사 실시설계용역,민간,국내,0,0,,,,,0.4
C19930136,구조부,마산여상앞 지하보도 설치공사 실시설계변경용역,민간,국내,0,0,,,,,0.4
C19930140,구조부,야생조수원 주변 조경공사 실시설계용역,민간,국내,0,0,,,,,0.4
C19940002,구조부,대전-진주간 고속도로 건설공사 실시설계(14공구) 인력지원,민간,국내,0,0,,,,,0.4
C19940004,구조부,하천복개구조물 안전진단 및 보수공사 실시설계 용역,민간,국내,0,0,,,,,0.4
C19940009,구조부,동국학술문화관 신축굴착공사 감리용역,민간,국내,0,0,,,,,0.4
C19940012,구조부,154KV 좌동 T/L 설계및 지적현황측량,민간,국내,0,0,,,,,0.25
C19940014,구조부,154KV 동해분기외  3개소 T/L 설계및 지적현황측량,민간,국내,0,0,,,,,0.25
C19940016,구조부,해남천 복개공사 활용방안 용역,민간,국내,0,0,,,,,0.4
C19940027,구조부,제2경인 고속도로 건설공사 제1공구중 일직 J.C 5교 설계용역,민간,국내,0,0,,,,,0.4
C19940028,구조부,시하공구 및 업무지원센타 시설공사중 교량설계용역,민간,국내,0,0,,,,,0.4
C19940040,구조부,이천 열병합발전소 건설토목분야 실시설계용역,민간,국내,0,0,,,,,0.4
C19940041,구조부,154KV 검단#2 전력구공사 실시설계,민간,국내,0,0,,,,,0.25
C19940054,구조부,154KV 효목관로공사 일부구간 실시설계,민간,국내,0,0,,,,,0.25
C19940062,구조부,한림항 안벽 및 기타공사 실시설계용역,민간,국내,0,0,,,,,0.4
C19940065,구조부,154KV 남제주-안덕관로공사 실시설계용역,민간,국내,0,0,,,,,0.4
C19940068,구조부,부산사상철물상가 교량설계용역외 2,민간,국내,0,0,,,,,0.4
C19940122,구조부,동광양 소방서 광양파출소 부대공사 설계용역,민간,국내,0,0,,,0.0,,0.4
C19940126,구조부,소방용수시설 정수로 설치공사,민간,국내,0,0,,,0.0,,0.4
C19940128,구조부,완암SS~세신실업간 지중화공사 설계도 작성용역외 2건,민간,국내,0,0,,,0.0,,0.25
C19940129,구조부,토현교 배전관로첨가 구조검토용역,민간,국내,0,0,,,0.0,,0.4
C19940131,구조부,가야병원 신축 실시설계용역,민간,국내,0,0,,,0.0,,0.4
C19940132,구조부,대덕 소하천 복개공사외 2건 조사측량 및 설계용역,민간,국내,0,0,,,0.0,,0.4
C19940133,구조부,공항농로개량 암거설치공사,민간,국내,0,0,,,0.0,,0.4
C19940134,구조부,"숭산교,호암교,창락교 보수공사 조사측량 설계용역",민간,국내,0,0,,,0.0,,0.4
C19940135,구조부,북평2교 재가설공사 조사측량 설계용역,민간,국내,0,0,,,0.0,,0.4
C19940136,구조부,동막교 안전진단 용역,민간,국내,0,0,,,0.0,,0.4
C19940137,구조부,성철사 진입도로 하천공작물 설치 설계용역,민간,국내,0,0,,,0.0,,0.4
C19940143,구조부,마산항 제5부두내 부지조성 실시설계용역,민간,국내,0,0,,,0.0,,0.4
C19950019,구조부,분당-내곡간 도시 고속도로 건설공사 3공구 보도육교설계,민간,국내,0,0,,,,,0.4
C19950020,구조부,SUEZ  Ⅱ CEMENT PROJECT (확장공사),민간,국내,0,0,,,,,0.4
C19950022,구조부,대방천 복개구조물 개수공사 실시설계,민간,국내,0,0,,,,,0.4
C19950039,구조부,대왕교 실시설계용역,민간,국내,0,0,,,,,0.4
C19950047,구조부,"345KV신서산 분기 T/L설계,지적현황 측량 및 환경영향평가 용역",민간,국내,0,0,,,,,0.25
C19950051,구조부,영흥도 화력발전소 교량설계 인력지원,민간,국내,0,0,,,,,0.4
C19950055,구조부,초읍터널 타당성검토용역,민간,국내,0,0,,,,,0.4
C19950061,구조부,154KV 부평-계산 전력구외 4건 실시설계용역,민간,국내,0,0,,,,,0.25
C19950066,구조부,한남대교 확장 기본 및 실시설계용역(구조분석1차분),민간,국내,0,0,,,,,0.4
C19950081,구조부,성북교 가설공사 설계용역,민간,국내,0,0,,,,,0.4
C19950082,구조부,‘95내대교외 2개 교량정밀 안전진단용역,민간,국내,0,0,,,,,0.4
C19950088,구조부,사연교 가설공사 실시설계용역,민간,국내,0,0,,,,,0.4
C19950100,구조부,미남교 가설공사 조사측량 및 실시설계용역,민간,국내,0,0,,,,,0.4
C19950104,구조부,재해위험지구 안전진단 실시설계용역,민간,국내,0,0,,,,,0.4
C19950110,구조부,유수교 가설공사 조사측량 및 실시설계용역,민간,국내,0,0,,,,,0.4
C19950111,구조부,삼랑진교 보수 및 관곡교 재가설공사 실시설계용역,민간,국내,0,0,,,,,0.4
C19950114,구조부,"창평1,2교 상세 설계용역",민간,국내,0,0,,,,,0.25
C19950128,구조부,노후교량 정밀 안전진단용역,민간,국내,0,0,,,,,0.4
C19960020,구조부,상모-수안보간 도로확장 및 포장공사(2차) 교량구조물 설계 용역,민간,국내,0,0,,,,,0.4
C19960022,구조부,대전-진주간 고속도로 대전-함양4공구(2차) 교량 재설계용역,민간,국내,0,0,,,,,0.4
C19960027,구조부,남양주 오남리 1차 신축공사 진입교량 실시설계,민간,국내,0,0,,,,,0.4
C19960032,구조부,회산교 가설공사 기본 및 실시설계 용역,민간,국내,0,0,,,,,0.4
C19960054,구조부,경인운하 시설사업 실시설계,민간,국내,0,0,,,,,0.4
C19960065,구조부,남시화분기 전력구공사 설계,민간,국내,0,0,,,,,0.25
C19960072,구조부,영월댐 설계중 인력지원용역,민간,국내,0,0,,,,,0.4
C19960081,구조부,‘95구만교 수해복구 교량가설공사 설계용역,민간,국내,0,0,,,,,0.4
C19960082,구조부,한림오항교 가설공사 조사측량 및 설계용역,민간,국내,0,0,,,,,0.4
C19960088,구조부,제2태화교 가설 및 접속도로개설 기본설계용역,민간,국내,0,0,,,,,0.4
C19960091,구조부,간사지교 가설공사 설계용역,민간,국내,0,0,,,,,0.4
C19970010,구조부,중부내륙 고속도로 건설공사 제2공구의 교량 재설계 용역,민간,국내,0,0,,,,,0.25
C19970011,구조부,서울외곽  순환 고속도로 건설공사(10공구) 2차 교대 변경 설계용역,민간,국내,0,0,,,,,0.4
C19970022,구조부,구형산교 재가설공사 실시설계 인력지원,민간,국내,0,0,,,,,0.25
C19970025,구조부,경의선 문정-문산간 복선전철 기본설계(구조물설계),민간,국내,0,0,,,,,0.4
C19970032,구조부,중앙고속 1단계 4차선확장(제천-원주16공구)2차 구조검토 용역,민간,국내,0,0,,,0.0,,0.4
C19970038,구조부,대전-진주 고속도로 대전-함량(3공구)1차교량구조검토,민간,국내,0,0,,,,,0.4
C19970050,구조부,여천지역 감시센타 관제대(TMS) 구축사업,민간,국내,0,0,,,,,0.25
C19970052,구조부,광주도시철도 1호선 1-3공구 건설공사중 부분설계변경용역(#1072환기실),민간,국내,0,0,,,,,0.4
C19970066,구조부,다운고가차도 설치공사 실시설계용역,민간,국내,0,0,,,0.0,,0.4
C19970069,구조부,설계도면작성 및 일반기술지원용역(하동화력 1~4호기),민간,국내,0,0,,,,,0.4
C19970074,구조부,"설계도면작성 및 일반기술지원용역(서천화력1,2호기)",민간,국내,0,0,,,,,0.4
C19980005,구조부,경부고속전철 서울차량기지 건설공사 실시설계 입찰설계 용역,민간,국내,0,0,,,,,0.25
C19980009,구조부,뿌리공원 진입보도교 실시설계용역,민간,국내,0,0,,,,,0.4
C19980010,구조부,신천2교 보수공사 실시설계용역,민간,국내,0,0,,,,,0.4
C19980026,구조부,"소계-북면간 도로확장공사(3차) 소계2육교 가교설치, 철거용역건",민간,국내,0,0,,,,,0.4
C19980034,구조부,학산-영동간 도로확장 및 포장공사(1차) 교량재설계검토 외주용역건,민간,국내,0,0,,,,,0.4
C19980037,구조부,전라선(산성-주생) 복선화 실시설계 설계감리,민간,국내,0,0,,,,,0.4
C19980044,구조부,분당선 복선전철 제5공구 노반신설공사 환기구 가시설 검토용역,민간,국내,0,0,,,,,0.4
C19980047,구조부,학산-영동간 도로확장 및 포장공사 구조물 사전도면 검토용역,민간,국내,0,0,,,,,0.4
C19980055,구조부,장항선 신장항-군산간 복선철도 실시설계,민간,국내,0,0,,,0.0,,0.4
C19980057,구조부,중부내륙 제2공구 교량 재(추가) 설계용역,민간,국내,0,0,,,,,0.25
C19980067,구조부,안양박달동APT충훈교 실시설계 및 안양천 제방설치,민간,국내,0,0,,,,,0.4
C19980072,구조부,국도1호선 월롱교 확장 및 양수대교 보수공사 실시설계용역,민간,국내,0,0,,,,,0.25
C19980075,구조부,국도43호선 청학교외 8개소 수해복구공사 실시설계용역,민간,국내,0,0,,,,,0.25
C19990041,구조부,공덕-대야간 도로축조 및 포장공사 교량설계검토,민간,국내,0,0,,,,,0.4
C19990062,구조부,죽산두메교 정비공사 실시설계용역,민간,국내,0,0,,,,,0.4
C19990063,구조부,국도3호선 (구)한탄교 보수공사 실시설계용역,민간,국내,0,0,,,,,0.25
C19990070,구조부,신복로타리 입체화시설(고가 및 지하)시설공사 기본 및 실시설계용역,민간,국내,0,0,,,,,0.4
C19990071,구조부,"관내 낙석, 산사태 위험지구 및 사고많은지점 개선공사 실시설계용역",민간,국내,0,0,,,,,0.4
C19990072,구조부,소돌재해위험지구  해소사업(좌제시설)실시설계용역,민간,국내,0,0,,,,,0.4
C19990073,구조부,"안양교 및 삼막1,2교 보수공사 실시설계용역",민간,국내,0,0,,,,,0.4
C19990101,구조부,용유-무의도간 연도교 건설타당성 조사 및 기본설계용역,민간,국내,0,0,,,0.0,,0.4
C20000002,구조부,대전 조차장 구내 개량 노반공사(2차) 교량구조검토,민간,국내,0,0,,,,,0.4
C20000005,구조부,소계-북면간 도로확포장공사 소계 2차도 접속구조물 변경설계,민간,국내,0,0,,,,,0.4
C20000032,구조부,완도-신지도간 연육교 가설공사(4차) 주교량 설계검토용역,민간,국내,0,0,,,,,0.4
C20000033,구조부,완도-신지도간 연육교 가설공사(4차) 접속교량 설계검토용역,민간,국내,0,0,,,,,0.4
C20000034,구조부,구산면 수정지구 공유수면매립사업 호안도로 설계용역,민간,국내,0,0,,,,,0.4
C20000046,구조부,남해고속도로 내서-냉정간 8차선확장 실시설계 외감교(교각-1)안정성검토용역,민간,국내,0,0,,,,,0.4
C20000083,구조부,국도6호선 양평양근외 2개지구 법면보호공사 실시설계용역,민간,국내,0,0,,,,,0.25
C20000092,구조부,울진교 개축공사 실시설계용역,민간,국내,0,0,,,,,0.4
C20000108,구조부,화악교 재가설공사 실시설계용역,민간,국내,0,0,,,,,0.4
C20000111,구조부,만석공원 회주도로 연결 교량설치 실시설계용역,민간,국내,0,0,,,,,0.4
C20000123,구조부,선유도 연결 보행전용교량 설치외 2개소 기본 및 실시설계용역,민간,국내,0,0,,,,,0.4
C20010001,구조부,남해고속도로 내서-냉정 4공구간 지개육교 상부공 구조검토용역,민간,국내,0,0,,,,,0.4
C20010030,구조부,녹동신항 연결교량 실시설계용역,민간,국내,0,0,,,,,0.25
C20010031,구조부,모산암거 확장 실시설계용역,민간,국내,0,0,,,,,0.4
C20010039,구조부,국도1호선 함평 엄다지구 통로암거 설치공사 실시설계용역,민간,국내,0,0,,,,,0.4
C20010056,구조부,진장교 및 지하차도 설치공사 설계감리용역,민간,국내,0,0,,,,,0.4
C20010060,구조부,지하철 9호선 909공구 건설공사 실시설계용역,민간,국내,0,0,,,0.0,,0.4
C20010063,구조부,산업로 확장 상방사거리 지하차도 설치공사 실시설계용역,민간,국내,0,0,,,,,0.4
C20010072,구조부,서울지하철 9호선 905공구 대안 입찰설계 용역(설계 및 대안보고서 작성),민간,국내,0,0,,,,,0.4
C20010076,구조부,괴산-연풍(제1공구)간 도로확장 및 포장공사등 14개공사 실시설계 감리용역,민간,국내,0,0,,,,,0.4
C20010082,구조부,순창-운암(2공구)외 3개공사 실시설계 감리용역,민간,국내,0,0,,,0.0,,0.4
C20020083,구조부,비봉고가차도 설치공사 실시설계용역,민간,국내,0,0,,,,,0.4
C20020107,구조부,대저.순아수문 설치공사 실시설계 감리용역,민간,국내,0,0,,,,,0.4
C20020112,구조부,국도23호선 만경교의 월류를 가정한 안정성 검토 용역,민간,국내,0,0,,,,,0.4
C20030102,구조부,서부경남 첨단지방 산업단지 죽천2교 변경설계용역,민간,국내,0,0,,,,,0.4
C20030123,구조부,봉화~법전(법전우회도로)4차선 확장 및 포장공사 동물이동통로 구조형식변경 설계용역,민간,국내,0,0,,,,,0.4
C20030144,구조부,적성~전곡 도로건설공사 외 3구간 실시설계 설계감리용역,민간,국내,0,0,,,0.0,,0.4
C20030158,구조부,예비타당성조사 및 기본설계용역,민간,국내,0,0,,,,,0.4
C20040015,구조부,광주제2순환도로 4구간 민간투자사업 실시설계 감리용역,민간,국내,0,0,,,,,0.4
C20040026,구조부,우수 호안유출부 설계용역,민간,국내,0,0,,,,,0.4
C20040031,구조부,국도46호선 교동교 개축공사 실시설계용역,민간,국내,0,0,,,,,0.4
C20040040,구조부,호남선 용동~함열간 연화천(상)외 8개소 교각보강 기타공사 실시설계용역,민간,국내,0,0,,,,,0.4
C20040057,구조부,초락교 가설공사 대안입찰 설계용역,민간,국내,0,0,,,,,0.4
C20040099,구조부,제2연육교 연결도로 건설공사 5공구(T/K) 기본설계,민간,국내,0,0,,,0.0,,0.4
C20040118,구조부,"통로BOX 실시설계용역(천기(현)124km500,131km369)",민간,국내,0,0,,,,,0.4
C20040138,구조부,D-2 민간투자사업 제안서 작성 및 기본설계용역,민간,국내,0,0,,,0.0,,0.4
C20050007,구조부,차세대 구조용강을 이용한 최적 강교량 상세설계,민간,국내,0,0,,,,,0.4
C20050029,구조부,광명IC지하차도외 8개소 정밀점검용역,민간,국내,0,0,,,,,0.4
C20050105,구조부,인계3호공원 연결 보도육교 설치공사 실시설계용역,민간,국내,0,0,,,,,0.4
C20050117,구조부,지하철 9호선 909공구 건설공사 환승통로 설계 용역,민간,국내,0,0,,,,,0.4
C20050119,구조부,고속국도 제27호선 남원~광양간 고속도로 건설공사(제16공구) 교량(교각) 재설계용역,민간,국내,0,0,,,,,0.25
C20050120,구조부,홍은1동45의66~홍제3동266의386간 도로개설 실시설계용역,민간,국내,0,0,,,,,0.4
C20050123,구조부,강매~원흥.행신2지구 중복구간 도로개설공사 실시설계용역,민간,국내,0,0,,,0.0,,0.4
C20060017,구조부,남원국도 제3권역 도로운영사업 무주대교 변경설계용역,민간,국내,0,0,,,,,0.4
C20060018,구조부,사리현2교 정밀안전진단 및 10개소 정밀점검용역,민간,국내,0,0,,,,,0.4
C20060020,구조부,고속국도 제27호선 남원~광양간 고속도로 건설공사 강교설계 합리화 적용에 따른 재설계용역,민간,국내,0,0,,,,,0.25
C20060023,구조부,평택이충(2)지구 지하차도 건설공사 설계용역,민간,국내,0,0,,,0.0,,0.25
C20060024,구조부,왕숙천 사노1교 정밀안전진단 및 실시설계용역,민간,국내,0,0,,,,,0.4
C20060034,구조부,"경부선 용산~노량진간 한강교량 A,B,C선 교좌장치보수 실시설계용역",민간,국내,0,0,,,,,0.25
C20060051,구조부,관내 지상경사로 14개소 정밀점검 및 실시설계용역,민간,국내,0,0,,,,,0.4
C20060067,구조부,안양고가교외 9개소 정밀점검용역,민간,국내,0,0,,,,,0.25
C20060081,구조부,원심원사 진입도로 개설공사 실시설계용역,민간,국내,0,0,,,,,0.4
C20060089,구조부,남양주별내지구 특수구조물 조사설계용역,민간,국내,0,0,,,0.0,,0.25
C20060089A,구조부,남양주별내지구 특수구조물 조사설계용역_추가A,민간,국내,0,0,,,,,0.4
C20060089B,구조부,남양주별내지구 특수구조물 조사설계용역_추가B,민간,국내,0,0,,,,,0.4
C20060103,구조부,평택시 도일동 토취장개발 기술용역,민간,국내,0,0,,,0.0,,0.4
C20060105,구조부,지하철9호선 909공구 건설공사 국회앞정거장 출입구 변경 설계용역,민간,국내,0,0,,,,,0.4
C20060106,구조부,지하철9호선 909공구 건설공사 환기구 및 개구부 변경 설계용역,민간,국내,0,0,,,,,0.4
C20060112,구조부,충청남도 서산시 장동 지방산업단지 조성사업 기술용역,민간,국내,0,0,,,0.0,,0.4
C20060123,구조부,도심교량 설계 및 지침작성,민간,국내,0,0,,,,,0.4
C20060124,구조부,용정교 성능개선공사 설계용역,민간,국내,0,0,,,,,0.4
C20060163,구조부,아산배방지구 택지개발사업 조성공사(2공구) 장재8교 변경설계,민간,국내,0,0,,,,,0.4
C20070007,구조부,경부고속철도 김천구미역외 1개소 노반 실시설계감리,민간,국내,0,0,,,,,0.25
C20070012,구조부,흥덕S/S 배전전력구 설계용역,민간,국내,0,0,,,,,0.25
C20070033,구조부,154kV 발안T/L 안전이격 확보공사 경과지 설계용역,민간,국내,0,0,,,,,0.25
C20070035,구조부,국도2호선 확장에 따른 교차구간 재설계용역,민간,국내,0,0,,,,,0.25
C20070040,구조부,청계터널 등 6개소 정밀안전진단 용역,민간,국내,0,0,,,,,0.25
C20070041,구조부,대구광역시 대로 2-44호선 교량공사 기본설계용역,민간,국내,0,0,-318000.0,1948828.7999999998,0.0,0.0,0.4
C20070066,구조부,인천대교 연결도로 건설공사(제5공구) 설계비,민간,국내,0,0,,,,,0.4
C20070073,구조부,성심고가교외 2개소 정밀점검 및 보수보강공사 실시설계용역,민간,국내,0,0,,,,,0.4
C20070083,구조부,몽골 Ulaanbaatar 1구역 사포로 4거리 고가도로 건설공사 기본 및 실시설계용역,민간,해외,0,0,,,0.0,,0.4
C20070084,구조부,몽골 Ulaanbaatar~Tuulgol간 도로확포장공사 기본 및 실시설계용역,민간,해외,0,0,,,,,0.4
C20070085,구조부,몽골 Tuulgol~Bumbat간 도로확포장공사 기본및 실시설계용역,민간,해외,0,0,,,,,0.4
C20070086,구조부,몽골 Bumbat~Nalayh간 도로 확포장공사 기본 및 실시설계용역,민간,해외,0,0,,,,,0.4
C20070138,구조부,대구광역시 대로2-44호선 교량신설공사 실시설계,민간,국내,0,0,0.0,1061601.5,0.0,0.0,0.4
C20070144,구조부,평촌지하차도 위 육교 정밀점검 및 실시설계용역,민간,국내,0,0,,,,,0.4
C20070166,구조부,호계1동 국민은행앞 육교 등 6개소 정밀점검 및 실시설계용역,민간,국내,0,0,,,,,0.4
C20070174,구조부,고양삼송지구 특수구조물 조사설계용역,민간,국내,0,0,-64209.690945554925,423915.03299999994,0.6080125760793718,52308.01505444508,0.25
C20070180,구조부,몽골 Ulaanbaatar~Tuv Aimag 간 도로확포장공사 기본 및 실시설계용역,민간,해외,0,0,,,,,0.4
C20070181,구조부,몽골 Tuv Aimag~Undur Dov 간 도로확포장공사 기본 및 실시설계용역,민간,해외,0,0,,,,,0.4
C20070182,구조부,몽골 Undur Dov~Doloon 간 도로확포장공사 기본 및 실시설계용역,민간,해외,0,0,,,,,0.4
C20070183,구조부,몽골 Doloon~Nogoon Davaa 간 도로확포장공사 기본 및 실시설계용역,민간,해외,0,0,,,,,0.4
C20070185,구조부,미포국가산업단지 진입도로 개설공사 변경설계용역,민간,국내,0,0,,,0.0,,0.4
C20070199,구조부,압해~암태 도로건설공사 기본계획 용역,민간,국내,0,0,,,0.0,,0.4
C20070216,구조부,동산육교외 2개소 정밀안전진단용역,민간,국내,0,0,,,,,0.4
C20070223,구조부,파주운정신도시 보행데크 등 토목시설물 실시설계용역,민간,국내,0,0,79401.54736683113,269649.546,0.800000005595117,195432.00136683113,0.25
C20070223A,구조부,파주운정신도시 보행데크 등 토목시설물 실시설계용역_추가A,민간,국내,0,0,,,,,0.4
C20080001,구조부,파주운정지구 택지개발사업 생태교량설계용역(3공구),민간,국내,0,0,-11790.364000000001,81627.136,1.0,236046.0,0.4
C20080032,구조부,파주운정지구 택지개발사업 생태교량설계용역(2공구),민간,국내,0,0,76757.28675319534,189364.19099999996,0.9927181787668313,237048.19575319535,0.4
C20080076,구조부,Temeen Khuzuu hill-baga Ulaan 구간 도로공사 실시설계용역,민간,국내,0,0,,,0.0,0.0,0.4
C20080077,구조부,Baga Ulaan Pass-Mankhan Soum 구간 도로공사 실시설계용역,민간,국내,0,0,,,0.0,0.0,0.4
C20080078,구조부,Mankhan Soum-Shoxoitiin Hill 구간 도로공사 실시설계용역,민간,국내,0,0,,,0.0,0.0,0.4
C20080126,구조부,파주운정택지개발지구 경의선 횡단 경관교량 실시설계용역,민간,국내,0,0,-208240.80999999997,197539.19,1.0,115250.1,0.25
C20080169,구조부,평택이충2 지하차도 연장공사 중 비상주차대삭제 설계용역,민간,국내,0,0,1162.0,2826.0,1.0,43162.0,0.4
C20080183,구조부,탄천변 동측도로 확장공사 실시설계용역,민간,국내,0,0,-136287.28216505348,1067181.511,0.6197276303841041,442005.66183494654,0.4
C20090056,구조부,인천도시철도 2호선 209공구 건설공사 기본설계용역,민간,국내,0,0,-19999.999345516553,-20000.0,1.000000000567537,1153200.0006544834,0.4
C20090057,구조부,인천도시철도 2호선 203공구 건설공사 기본설계용역,민간,국내,0,0,0.0,0.0,1.0,658000.0,0.4
C20090079,구조부,초지대교~인천(2-2공구)도로개설공사 실시설계(재설계)용역,민간,국내,0,0,310759.36429647135,97541.18099999998,1.7500000037802634,715909.0922964714,0.4
C20090079A,구조부,초지대교~인천(2-2공구)도로개설공사 실시설계(재설계)용역_추가A,민간,국내,0,0,,,,,0.4
C20090091,구조부,용인신봉구역 차도교량1 변경 설계용역,민간,국내,0,0,0.0,700.0,1.0,17500.0,0.4
C20090135,구조부,고촌 RAMP-C교 형식변경에 따른 재설계 용역,민간,국내,0,0,0.0,2575.0,1.0,14000.0,0.4
C20090154,구조부,영주 다목적댐 건설공사 기본설계 턴키,민간,국내,0,0,0.0,150250.0,1.0,240000.0,0.4
C20090157,구조부,동천~신봉간 도로(수지 소1-69호)개설공사 변경설계용역,민간,국내,0,0,0.0,3180.0,1.0,44800.0,0.4
C20090163,구조부,인천청라지구 경제자유구역개발사업(4공구),민간,국내,0,0,,,1.0,,0.4
C20090167,구조부,행정중심복합도시 금강 4교 건설공사 일괄입찰(턴키) 설계용역,민간,국내,0,0,-22000.0,136570.0,1.0,253250.0,0.4
C20090175,구조부,한강지천횡단교량 건설 기본 및 실시설계용역,민간,국내,0,0,-12127.500263981317,90486.5,0.9999999956289056,60392.49973601868,0.4
C20100021,구조부,평택이충(2) 지하차도 연장공사 중 관리사무소 토목설계용역,민간,국내,0,0,0.0,0.0,1.0,10500.0,0.4
C20100033,구조부,영주 다목적댐 건설공사 실시설계,민간,국내,0,0,0.0,257500.0,1.0,260000.0,0.4
C20100116,구조부,고속국도 제600호선 부산외곽순환 건설공사(제8공구) 대안입찰용역,민간,국내,0,0,-12727.272999999986,372372.72699999996,1.0,345272.727,0.4
C20110044,구조부,온두라스 상수댐 타당성 조사(보고서 번역),민간,국내,0,0,26000.0,26000.0,1.0,26000.0,0.4
C20110050,구조부,본댐 가배수로 및 갤러리 단면변경설계용역,민간,국내,0,0,0.0,10800.0,1.0,0.0,0.4
C20110077,구조부,광명대교 확장공사 기본 및 실시설계 용역,민간,국내,0,0,1000.0,10211.0,1.0,50800.0,0.4
C20110088,구조부,대덕1육교 위치이동 재설계 용역,민간,국내,0,0,1000.0,11100.0,1.0,1000.0,0.25
C20110094,구조부,단양읍 소재지 종합정비사업 기본 및 실시설계용역,민간,국내,0,0,9484.030598801437,64489.899000000005,0.9999999936574351,63254.93959880144,0.4
C20110096,구조부,"도시고속도로 연결램프(정릉길, 연희로)설치 실시설계",민간,국내,0,0,33411.34356003275,44640.682,1.5065275047722937,126283.16156003275,0.4
C20110096A,구조부,"도시고속도로 연결램프(정릉길, 연희로)설치 실시설계_추가A",민간,국내,0,0,,,,,0.4
C20110103,구조부,고매1교 및 고매2교 상부바닥판(슬라브) 설계(등방배근)및 구조검토,민간,국내,0,0,0.0,23930.0,1.0,0.0,0.4
C20110111,구조부,경부고속철도 제6-3공구 원동지하차도 상부구조물 개선연구,민간,국내,0,0,0.0,60000.0,0.9090909125,0.0,0.4
C20110133,구조부,인도네시아 Becakayu 유료도로 건설공사 사전 타당성검토 용역,민간,해외,0,0,2816.0000000000036,6787.0,1.11,28416.000000000004,0.4
C20120036,구조부,고매1교 및 고매2교 상부테크플레이트 변경 설계용역,민간,국내,0,0,0.0,10300.0,1.0,0.0,0.4
C20120103,구조부,장현2교 교량형식변경 설계용역,민간,국내,0,0,-1740.0,29560.0,1.0,4100.0,0.4
C20120106,구조부,몽골 보양트오하 하수처리장 입찰설계용역,민간,해외,0,0,1500.0,82000.0,1.1,16500.0,0.4
C20120108,구조부,경인고속도로 지하차도 경관개선공사 기본 및 실시설계용역,민간,국내,0,0,-2616.629142912574,1466.4000000000015,0.9040569304671082,24656.097857087425,0.4
C20120120,구조부,서안양우체국 앞 지하보도 정밀안전점검 및 실시설계,민간,국내,0,0,18.1820000000007,2468.1820000000007,1.0,18200.0,0.4
C20120130,구조부,올랑곰~헙드간 190km 도로 실시설계용역 중 교량1개소 설계,민간,해외,0,0,0.0,24139.5,0.0,0.0,0.4
C20120131,구조부,항올구 제11동 도로상의 철근콘크리트교량 개선설계 중 교량실시설계용역,민간,해외,0,0,0.0,14869.5,0.0,0.0,0.4
C20120132,구조부,볼강~다실칠렝간 133km 도로 실시설계 용역 중 소교량 5개소설계,민간,해외,0,0,0.0,13349.5,0.0,0.0,0.4
C20120137,구조부,목암천 정비공사 실시설계 중 목암2교 변경설계용역,민간,국내,0,0,0.0,7500.0,1.0,0.0,0.4
C20120146,구조부,수원역 환승센터 건립 기본 및 실시설계용역,민간,국내,0,0,2726.720533372194,444825.60300000006,0.9999998212279729,321451.9545333722,0.4
C20120153,구조부,교량 압축부재 최적화 설계용역,민간,국내,0,0,,,1.0,,0.4
C20130017,구조부,국도6호선 횡성 둔내~평창 무이 도로건설공사 외 2개소 설계감리 및 설계VE용역,민간,국내,0,0,999.9998328856709,88208.9,0.9999999933154269,24999.99983288567,0.4
C20130020,구조부,볼리비아 바네가스 교량 설계시공일괄 공사 입찰설계도서,민간,해외,0,0,0.0,41600.0,1.1,0.0,0.4
C20130028,구조부,부용교 상부공 구조검토용역,민간,국내,0,0,,,1.0,,0.4
C20130054,구조부,"배방지구 보도육교(1호,5호)보완 설계용역",민간,국내,0,0,0.0,1250.0,1.0,10000.0,0.25
C20130063,구조부,양재대로 지하차도 기본 및 실시설계(제2염곡지하차도)변경설계,민간,국내,0,0,2999.9981483333395,24730.0,0.9999999816666667,100999.99814833334,0.4
C20130066,구조부,2013년도 평촌ICI교 등 13개소 정밀안전진단 용역,민간,국내,0,0,0.0,7662.600000000006,1.0,78300.0,0.25
C20130095,구조부,"삼척그린파워 1,2호기해양소수력 설치 건설공사 설계시공일괄 입찰설계용역",민간,국내,0,0,0.0,20250.6,1.0,6000.0,0.4
C20130109,구조부,"슬라이딩센터(봅슬레이,스켈레톤,루지경기)건설공사 T/K 기본 및 기타설계용역",민간,국내,0,0,160114.4709999999,364033.4709999999,1.0,1172114.471,0.4
C20130110,구조부,송정-문동1 등 4건공사 설계감리 및 설계VE용역,민간,국내,0,0,5000.0,372172.5,1.0,5000.0,0.4
C20130122,구조부,볼리비아 바네가스 교량 건설사업 제안서 작성 용역,민간,해외,0,0,0.0,9000.0,1.1,0.0,0.4
C20130128,구조부,부산도시철도 사상~하단선 제3공구 건설사업 기본설계용역(T/K),민간,국내,0,0,113220.0,463534.24,1.0,778380.0,0.4
C20140045,구조부,삼송택지지구 교통개선공사 교평개선공사 설계용역(교량설계),민간,국내,0,0,0.0,23250.0,1.0,3000.0,0.4
C20140053,구조부,경부선 198.0k(서울) 외 5개소 방음벽 설치공사 실시설계용역,민간,국내,0,0,14832.633752269816,49963.636,0.9999999785867238,104968.99775226982,0.25
C20140054,구조부,베트남 틴롱 교량건설사업 F/S 용역,민간,해외,0,0,22082.749800000005,112769.83499999999,1.1,78883.9128,0.4
C20140071,구조부,호남고속철도 건설공사 제5-3공구 송정교 설계변경,민간,국내,0,0,0.0,51820.55,1.0,0.0,0.4
C20140075,구조부,산업로(청백교-용암) 확장공사 청백교 변경설계,민간,국내,0,0,0.0,58000.0,1.0,2000.0,0.4
C20140108,구조부,볼리비아 바네가스교량 실시설계,민간,해외,0,0,98617.6,317040.0,1.0,182617.6,0.4
C20140121,구조부,서창대교 P3기초형식변경 설계용역,민간,국내,0,0,0.0,2250.0,1.0,0.0,0.4
C20140122,구조부,하남선(상일~검단산)복선전철 건설공사 T/K (제4공구),민간,국내,0,0,0.0,61000.0,1.0,629410.0,0.4
C20140126,구조부,압해~암태간 새천년대교 건설 대비관로 안전성검토 용역(1공구),민간,국내,0,0,2533.3330000000005,7742.032999999999,1.0,10133.333,0.25
C20140188,구조부,수원역 환승센터 건립 동서 연결통로 기술자문용역,민간,국내,0,0,5100.000079574469,192272.727,0.1000000015602837,5100.000079574469,0.4
C20140192,구조부,수도권고속철도(수서~평택)제9공구 건설공사 선로전환기 결빙방지시설 설계용역,민간,국내,0,0,-0.0004408730164868757,35411.600000000006,0.9999999912698413,50499.99955912698,0.4
C20150069,구조부,삼평육교 실시설계용역,민간,국내,0,0,0.0,64500.0,1.0,0.0,0.4
C20150084,구조부,별내선(암사~별내)복선전철 제4공구 건설사업 T/K 기본설계 및 우선시공분 실시설계용역,민간,국내,0,0,0.0,180150.0,1.0,1440000.0,0.4
C20150113,구조부,서도 연도교 건설사업 타당성조사 및 기본계획수립,민간,국내,0,0,17840.0,177375.171,1.0,32840.0,0.4
C20150136,구조부,삼성~동탄 광역급행철도 제2공구 건설공사(T/K) 기본설계용역,민간,국내,0,0,-887.2719999999972,102653.63699999999,1.0,461372.728,0.4
C20150177,구조부,국지도 57호선 우회도로(판교원마을) 소음저감시설 설치공사 기본및실시설계용역,민간,국내,0,0,2000.0912650184546,98058.18199999999,1.000000005048836,52491.000265018454,0.4
C20160016,구조부,인천검단지구 내 도시시설물 기본 및 실시설계용역(구조물분야),민간,국내,0,0,38559.99703144882,262995.823,0.9999999898347385,292028.9970314488,0.25
C20160087,구조부,충청내륙고속화(제2공구) 도로건설공사 건설사업관리(설계단계) 및 설계VE용역,민간,국내,0,0,20000.0,149988.75,1.0,20000.0,0.4
C20160099,구조부,"사모아, Maliolio 횡단교량 타당성 조사, 기본 및 실시설계",민간,해외,0,0,88512.069309346,88512.06899999999,1.0000000017686186,174908.262309346,0.4
C20160101,구조부,하조도~나배도 연도교 가설공사 대안설계 및 직접경비 용역,민간,국내,0,0,0.0,218500.0,1.0,459000.0,0.4
C20160102,구조부,서울세종고속도로 안성~구리 건설공사(제14공구) 입찰(기본)설계 용역,민간,국내,0,0,0.0,117958.39199999999,1.0,294475.0,0.4
C20160111,구조부,영동대로 지하공간 복합개발을 위한 타당성 조사 및 기본계획 수립 용역,민간,국내,0,0,23296.399999999994,125066.40000000001,1.0,123965.45,0.4
C20160144,구조부,두곡육교 정밀안전진단용역,민간,국내,0,0,7134.546,7134.546,1.0,7134.546,0.4
C20160145,구조부,서울세종고속도로 안성~구리 건설공사(제14공구) 실시설계 용역,민간,국내,0,0,19000.0,200100.0,1.0,430900.0,0.4
C20160169,구조부,고속국도 제400호선 파주-양주.포천간 건설공사[제4공구] 기술제안입찰설계 및 기타용역,민간,국내,0,0,8000.0,325560.0,1.0,1637500.0,0.4
C20170001,구조부,미얀마 우정의 교량(Dala) 건설사업 설계 및 감리,민간,해외,0,0,35563.57929217862,3884305.1520000007,0.8621503702216209,1359408.4922921786,0.4
C20170025,구조부,새만금 남북도로 건설공사 1단계(4공구) 기본설계용역,민간,국내,0,0,0.0,198800.0,1.0,386875.0,0.4
C20170028,구조부,제2엑스포교 건설공사 설계관리용역(토목) 제2엑스포교 건설공사 설계용역,민간,국내,0,0,20900.00070822134,163045.0,1.000000000838926,844200.0007082213,0.4
C20170040,구조부,오산역 환승주차장 및 연결도로 조사설계용역,민간,국내,0,0,37604.79883907747,371785.58999999997,0.8535695080971798,536468.4358390775,0.25
C20170069,구조부,고속국도 제400호선 파주-양주.포천간 건설공사[제4공구] 기술제안 실시설계 및 기타용역,민간,국내,0,0,20909.091000000015,376109.091,1.0,1288200.0,0.4
C20170131,구조부,새만금 남북도로 건설공사 1단계(4공구) 실시설계용역,민간,국내,0,0,0.0,211500.0,1.0,348000.0,0.4
C20170144,구조부,청량천교 PSC Box거더(S29) 구조검토용역,민간,국내,0,0,0.0,5249.0,1.0,0.0,0.4
C20170150,구조부,문화공원 보행녹도 설치공사 실시설계용역,민간,국내,0,0,9599.999769023365,71980.194,0.9999999933627404,34799.999769023365,0.4
C20170169,구조부,경원선 및 교외선 기존 교량 구조물 상부 방음벽 설치 구조검토 용역,민간,국내,0,0,0.0,15000.0,1.0,0.0,0.25
C20170170,구조부,고속국도 제14호선 함양-창녕간 건설공사 (제11공구) 실시설계 기술제안용역,민간,국내,0,0,-24900.0,391537.83700000006,1.0,766660.0,0.4
C20170192,구조부,국사산업단지 진입도로 개설사업 실시설계 용역,민간,국내,0,0,68180.00244914148,75755.0,1.0000000239642024,102200.00244914148,0.4
C20180017,구조부,문화공원 보행녹도 설치공사 실시설계용역(측량분야),민간,국내,0,0,0.0,0.0,1.0,4500.0,0.4
C20180026,구조부,2018년 호남선 93k(순천) 등 71개소 비탈면·옹벽 정밀점검 용역,민간,국내,0,0,139420.364,185900.364,1.0,139420.364,0.25
C20180029,구조부,경원선 및 교외선 기본 교량 구조물 상부 방음벽 설치에 따른 검증보고서 및 생애주기비용(LCC)보고서 검토 및 협의용역,민간,국내,0,0,0.0,29989.0,1.0,30000.0,0.25
C20180030,구조부,2018년 호남선 114.7k(순천) 등 42개소 비탈면 및 옹벽 정밀점검 용역,민간,국내,0,0,126760.836,144870.736,1.0,126760.836,0.25
C20180053,구조부,아르메니아-조지아 국경Bagratashen교량 건설 시공감리용역,민간,해외,0,0,51202.670658402436,677429.968,0.9762765718202561,195737.60865840243,0.4
C20180061,구조부,평택동부 고속화도로 민간투자사업 실시설계,민간,국내,0,0,0.0,627040.0,1.0,213000.0,0.4
C20180084,구조부,고속국도 제14호선 함양~창녕간 건설공사[제9공구] 기술제안 실시설계 상세설계용역,민간,국내,0,0,-990.0,-990.0,1.0,450000.0,0.4
C20180094,구조부,영종-청라 연결도로(제3연륙교) 실시설계 용역,민간,국내,0,0,-74511.3001552971,800569.772,0.9999999992781415,215135.09984470293,0.4
C20180112,구조부,도봉산~옥정 광역철도 2공구 건설공사 T/K 입찰(기본)설계용역,민간,국내,0,0,-276.0,260777.805,1.0,160004.0,0.4
C20180144,구조부,필리핀 팡일만교량 프로젝트(필리핀) 기본설계,민간,해외,0,0,,,1.1,,0.4
C20180148,구조부,방학천 제2인도교~쌍문709교 간 옹벽 정밀안전진단 및 보수보강 실시설계 용역,민간,국내,0,0,0.0,12042.0,1.0,0.0,0.4
C20190010,구조부,미얀마 킹스뱅크항 등 항만 기본계획수립 및 타당성조사,민간,국내,0,0,147619.0783406768,139107.771,2.5168650490942426,181516.30734067678,0.4
C20190010A,구조부,미얀마 킹스뱅크항 등 항만 기본계획수립 및 타당성조사_추가A,민간,국내,0,0,,,,,0.4
C20190122,구조부,정선읍 신도로망 구축 타당성조사용역,민간,국내,0,0,0.0,17010.0,1.0,0.0,0.4
C20190124,구조부,인천도시철도1호선 검단연장선 1공구 건설공사 기본설계 용역-개착구조물설계(본선박스),민간,국내,0,0,0.0,48015.0,1.0,132000.0,0.4
C20190148,구조부,고속국도 제400호선 양평~이천간 건설공사[제4공구] 기술제안입찰 설계용역,민간,국내,0,0,-29000.0,528985.0,1.0,890350.0,0.4
C20190148A,구조부,고속국도 제400호선 양평~이천간 건설공사[제4공구] 기술제안입찰 설계용역_추가A,민간,국내,0,0,,,,,0.4
C20190148B,구조부,고속국도 제400호선 양평~이천간 건설공사[제4공구] 기술제안입찰 설계용역_추가B,민간,국내,0,0,,,,,0.4
C20190170,구조부,고속국도 제400호선 파주~양주.포천간 건설공사[제4공구] 사장교 기술자문 용역,민간,국내,0,0,-65000.0,194590.0,1.0,100000.0,0.4
C20190207,구조부,화천대교 건설공사 기본 및 실시설계 용역,민간,국내,0,0,3054.5458326823136,285598.585,0.9999999976282165,70545.08983268231,0.4
C20190217,구조부,금호워터폴리스 산업단지 진입도로 건설 기본 및 실시설계용역,민간,국내,0,0,74920.90900000004,233890.989,1.0,344631.818,0.4
C20190230,구조부,국지도28호선 삼척 미로~하장 도로건설공사 기본 및 실시설계용역 건설사업관리[설계단계] 및 설계VE용역,민간,국내,0,0,0.0,332.6999999999971,1.0,71667.3,0.4
C20190247,구조부,고속도로 제14호선 함양~창녕간 건설공사(제11공구) 강재동바리 변경설계 용역,민간,국내,0,0,0.0,1400.0,1.0,318181.818,0.4
C20190255,구조부,경부선 상동~밀양간 밀양강교 교량개량공사 중 경부고속철도 교량점검통로 개선공사 실시설계,민간,국내,0,0,5000.0,50000.0,1.0,30000.0,0.4
C20200006,구조부,고속국도 제400호선 양평~이천간 건설공사 제4공구 기술제안 반영설계 설계용역(I)-총괄 및 구조분야,민간,국내,0,0,77602.0,344787.0,1.0,911100.0,0.4
C20200023,구조부,고속국도 제400호선 양평~이천간 건설공사 제4공구 기술제안 반영설계 설계용역(Ⅱ),민간,국내,0,0,0.0,0.0,1.0,450000.0,0.4
C20200065,구조부,동부간선도로(창동상계간)지하차도 건설공사 기본설계 기술제안입찰 설계용역,민간,국내,0,0,0.0,176965.58200000005,1.0,591930.0,0.4
C20200091,구조부,정선읍 신도로망 구축 기본 및 실시설계,민간,국내,0,0,13827.00019955411,441195.69200000004,1.0000000014695463,135793.0001995541,0.4
C20200113,구조부,보도교 2개소 건설공사 기본 및 실시설계용역,민간,국내,0,0,0.0,40940.0,1.0,41500.0,0.4
C20200151,구조부,국도77호선 신안 압해-해남 화원 도로건설공사(2공구) 입찰설계용역(주설계),민간,국내,0,0,-184143.19999999995,98688.80000000005,1.0,496780.0,0.4
C20200164,구조부,성동교 확장 및 진입램프 신설 기본 및 실시설계 용역,민간,국내,0,0,18589.999561398363,81512.87,0.9999999950560601,88714.99956139836,0.4
C20200190,구조부,영동대로 지하공간 복합개발 4공구 건설공사(토목) 기본설계기술제안 용역,민간,국내,0,0,-39600.0,130452.05499999993,1.0,1079400.0,0.4
C20200199,구조부,영동대로 지하공간 복합개발 2공구 건설공사(토목) 기본설계 기술제안 입찰(기본)설계,민간,국내,0,0,0.0,210652.86199999996,1.0,831000.0,0.4
C20200202,구조부,영동대로 지하공간 복합개발 2공구 건설공사(토목) 실시설계 기술제안 입찰(실시)설계,민간,국내,0,0,46500.0,320498.954,1.0,744450.0,0.4
C20200226,구조부,미얀마 Friendship (Dala) Bridge 사장교 PY2 Bored Pile 재배열 및 안정성 검토,민간,국내,0,0,0.0,14300.0,1.0,37000.0,0.4
C20200261,구조부,인도네시아 바탐-빈탄 교량사업 타당성조사(F/S) 용역,민간,국내,0,0,4846.72438817349,74703.343,0.9999999955503526,137499.99938817348,0.4
C20200274,구조부,캄보디아 한-캄 우정의다리 건설사업 타당성조사(F/S) 용역,민간,국내,0,0,130943.25646170352,127439.393,1.999384846156047,149953.86346170353,0.4
C20200274A,구조부,캄보디아 한-캄 우정의다리 건설사업 타당성조사(F/S) 용역_추가A,민간,국내,0,0,,,,,0.4
C20210029,구조부,서울도시철도 9호선 4단계 연장사업 2공구 건설공사 T/K 기본설계(구조)용역,민간,국내,0,0,0.0,0.0,1.0,385000.0,0.4
C20210031,구조부,송산그린시티 국제테마파크 주거단지 조성공사 기본설계 기술제안입찰 설계용역,민간,국내,0,0,19785.04363788769,153728.0,0.9998729417029985,652817.0436378877,0.4
C20210058,구조부,서울도시철도 9호선 4단계 연장사업 2공구 건설공사 T/K 기본설계(구조)용역 중 기본설계 1식,민간,국내,0,0,0.0,188090.105,1.0,12313.5,0.25
C20210071,구조부,방글라데시 메그나 교량사업 타당성조사,민간,해외,0,0,45409.18702399655,82951.187,1.1100000001460977,182317.50002399654,0.4
C20210071A,구조부,방글라데시 메그나 교량사업 타당성조사_추가A,민간,해외,0,0,,,,,0.4
C20210072,구조부,국도77호선 신안 압해-해남 화원 도로건설공사(2공구) 실시설계용역(주설계),민간,국내,0,0,180870.19999999995,458522.80599999987,1.0,782715.0,0.4
C20210098,구조부,동부간선도로 지하화 기본설계 건설사업관리용역,민간,국내,0,0,73575.0,192144.57,1.0,77175.0,0.4
C20210116,구조부,PSC 거더교 설계 프로세스 정립 및 건설기준 연계 분석,민간,국내,0,0,0.0,20720.0,1.0,0.0,0.4
C20210172,구조부,방글라데시 다카순환철도 PPP사업 예비타당성 조사 및 우선구간 본 타당성 조사,민간,해외,0,0,1317.324999999997,3307.324999999997,1.0,105335.0,0.4
C20210185,구조부,영동대로 지하공간 복합개발 4공구 건설공사(토목) 실시설계기술제안 용역,민간,국내,0,0,85640.0,409882.25,1.0,1180520.0,0.4
C20210200,구조부,이천양평1공구 진우분기점교 하부성토관련 설계용역,민간,국내,0,0,0.0,6650.0,1.0,125000.0,0.4
C20210201,구조부,서울도시철도 9호선 4단계 연장사업 2공구 건설공사 T/K 실시설계용역,민간,국내,0,0,144.50987840339076,0.0,1.000233950783687,617838.0098784034,0.4
C20210202,구조부,서울도시철도 9호선 4단계 연장사업 2공구 건설공사 T/K 실시설계(구조특화 용역),민간,국내,0,0,0.0,0.0,1.0,121500.0,0.4
C20210207,구조부,인천계양 공공주택지구 조성공사 시공책임형 건설사업관리방식 입찰 설계용역2,민간,국내,0,0,0.0,3500.0,1.0,828000.0,0.4
C20210212,구조부,서울도시철도 9호선 4단계 연장사업 2공구 건설공사 T/K 실시설계용역 중 실시설계 1식,민간,국내,0,0,0.0,189497.04,1.0,0.0,0.25
C20210228,구조부,평택~오송 2복선화 제5공구 기본설계 용역,민간,국내,0,0,-600.0,165220.0,1.0,835000.0,0.4
C20210231,구조부,국도23호선 영암 연소2지구 위험도로 개선공사 중 피암터널 구조물 설계,민간,국내,0,0,0.0,17477.0,1.0,65000.0,0.4
C20210237,구조부,베트남 북부 산악지방 교통 연결사업-조달지원 및 시공감리 용역,민간,해외,0,0,-42231.39369850268,1021214.9949999999,0.5161518252853926,303753.70730149734,0.4
C20220079,구조부,타지키스탄 CARs-4/QCBS-01 도로 업그레이드 건설 기본 및 실시설계,민간,해외,0,0,0.0,340832.85,1.0,0.0,0.4
C20220119,구조부,평택~오송 2복선화 제5공구 실시설계 용역,민간,국내,0,0,0.0,317010.0,1.0,1053000.0,0.4
C20220131,구조부,영동대로 지하공간 복합개발 2공구 규모조정 설계용역,민간,국내,0,0,0.0,279025.0,1.0,680350.0,0.4
C20220156,구조부,타지키스탄 장대교량 타당성조사 및 기본설계,민간,해외,0,0,99744.59400000001,166204.594,1.0,332304.672,0.4
C20220183,구조부,(구조 분야) 엔지니어링 빅데이터 수집 및 분석을 위한 가상 발주 프로젝트 수행,민간,국내,0,0,0.0,131982.726,1.0,0.0,0.4
C20220189,구조부,안산장상 공공주택지구 지구외도로(접속시설) 조사설계용역,민간,국내,0,0,49317.817366136034,464580.0,0.4610362207980153,61317.817366136034,0.25
C20220189A,구조부,안산장상 공공주택지구 지구외도로(접속시설) 조사설계용역_추가A,민간,국내,0,0,,,,,0.4
C20220189B,구조부,안산장상 공공주택지구 지구외도로(접속시설) 조사설계용역_추가B,민간,국내,0,0,,,,,0.4
C20220212,구조부,수도권광역급행철도 B노선(용산~상봉) 제4공구 건설공사 T/K 기본설계(GTX-B 제4공구 건설공사 입찰설계_구조),민간,국내,0,0,30750.0,257644.52099999995,1.0,779000.0,0.4
C20220223,구조부,영동대로 지하공간 복합개발 4공구 건설공사(토목) 변경설계,민간,국내,0,0,-10197.0,286598.1000000001,1.0,851000.0,0.4
C20220250,구조부,새만금 스마트 수변도시 1단계 조성공사 실시설계 기술제안입찰 설계용역,민간,국내,0,0,60000.0,203120.0,1.0,1490000.0,0.4
C20230029,구조부,남양주왕숙 국도47호선 이설(지하화)공사 T/K 입찰(기본)설계 용역,민간,국내,0,0,39600.0,301531.0,1.0,812107.0,0.4
C20230111,구조부,향남2택지 지구 내 기반시설 설치공사 설계용역,민간,국내,0,0,,,0.0,,0.25
C20230115,구조부,옥정~포천 광역철도 2공구 건설공사(T/K) 기본설계 설계용역,민간,국내,0,0,0.0,290155.0,1.0,513000.0,0.4
C20230128,구조부,2023년 교량 내진성능평가 및 내진보강 설계용역(1구간),민간,국내,0,0,18750.00045610752,134616.5,1.0000000032579108,140000.00045610752,0.25
C20230129,구조부,정선읍 신도로망 구축사업 현장 변경설계,민간,국내,0,0,0.0,6187.5,1.0,0.0,0.4
C20230159,구조부,남양주왕숙 국도47호선 이설(지하화)공사 T/K 실시설계 용역,민간,국내,0,0,-33525.870812339126,275488.0,0.9511948044356628,855124.1291876609,0.4
C20230184,구조부,소안~구도 연도교 개설공사 기본 및 실시설계용역,민간,국내,0,0,120976.51170207554,433525.0,0.8226953888132751,134576.51170207554,0.4
C20230203,구조부,잠비아 페이라(Feira) 교량 타당성 조사 및 실시설계,민간,해외,0,0,-1149.69934385724,70412.56300000001,0.10000000408063141,6277.03765614276,0.4
C20230216,구조부,광주송정~순천 철도건설 제4공구 건설공사 입찰설계 (구조),민간,국내,0,0,0.0,126820.0,1.0,406880.0,0.4
C20230239,구조부,필리핀 PGN교량 건설사업 실시설계 및 입찰지원,민간,해외,0,0,-393476.06627919804,6467427.646,0.45695972166743354,2543565.6937208017,0.4
C20230240,구조부,고속국도 제30호 서산~영덕선 대산~당진간 건설공사(제3공구) 대안제시형 낙찰제 설계용역,민간,국내,0,0,0.0,568276.0,1.0,998000.0,0.4
C20240056,구조부,캄보디아 지속가능한 농촌 연결성(교량) 개선사업 설계감리,민간,해외,0,0,-295789.8724655013,1688113.526,0.14999809468002623,110634.7755344987,0.4
C20240140,구조부,"""송산그린시티 서측지구 도시물순환 및 블루그린네트워크(1단계) 조성공사(제2공구)"" T/K 기본설계 용역",민간,국내,0,0,0.0,376338.0,0.7,310100.0,0.4
C20240145,구조부,고속국도 제30호 서산~영덕선 대산~당진간 건설공사(제3공구) 대안제시형 낙찰제 반영설계용역,민간,국내,0,0,0.0,626313.0,1.0,758500.0,0.4
C20240160,구조부,몽골 울란바토르 대용량 대중교통 메트로사업 PMC,민간,해외,0,0,-1324974.084487805,8092109.156000001,0.24390243902439024,121951.21951219512,0.4
C20240171,구조부,광주송정~순천 철도건설 제4공구 건설공사 실시설계(구조),민간,국내,0,0,45588.0,452076.0,0.6,273528.0,0.4
C20240179,구조부,서울도시철도7호선 청라국제도시연장 추가정거장(005-1) 건설공사 기술제안 입찰용역,민간,국내,0,0,42510.0,186620.5,1.0,212550.0,0.4
C20240207,구조부,캄보디아-한국 우정의 교량 실시설계 및 입찰지원 감리,민간,해외,0,0,-489283.05164598906,5920292.223,0.10062970327383497,339576.06135401095,0.4
C20240217,구조부,계양~강화 고속도로 건설공사 (제7공구) 기본설계 용역,민간,국내,0,0,39200.0,460388.0,0.7,456652.0,0.4
C20250020,구조부,타지키스탄 오비감~누로보드간 장대교 및 접속도로 감리사업,민간,해외,0,0,,,,,0.4
